{"epoch": [0.0], "loss": [7.568635940551758], "time": [0.32729387283325195]}