{"modular": {"1": [0.3409090909090909, 44], "2": [0.2798913043478261, 368], "3": [0.12040725984949092, 2259], "4": [0.18300798580301686, 9016], "5": [0.2584331337325349, 20040], "6": [0.3494788473329246, 19572], "7": [0.5067324003392706, 18864], "8": [0.49991937434491657, 24806], "9": [0.485243553008596, 20940], "10": [0.48367904807846923, 12438], "11": [0.47010916652226653, 5771], "12": [0.5076291079812206, 3408], "13": [0.5280086736537767, 2767], "14": [0.50920245398773, 2445], "15": [0.495393634840871, 2388], "16": [0.5207459207459207, 2145], "17": [0.530638852672751, 1534], "18": [0.5179233621755254, 809], "19": [0.4844290657439446, 289], "20": [0.547945205479452, 73], "21": [0.4666666666666667, 15]}, "classic": {"1": [0.6818181818181818, 44], "2": [0.3641304347826087, 368], "3": [0.16113324479858343, 2259], "4": [0.24900177462289264, 9016], "5": [0.350249500998004, 20040], "6": [0.43802370733701207, 19572], "7": [0.5805767599660729, 18864], "8": [0.5873982101104571, 24806], "9": [0.5627029608404966, 20940], "10": [0.5292651551696415, 12438], "11": [0.5363022006584648, 5771], "12": [0.5874413145539906, 3408], "13": [0.6230574629562703, 2767], "14": [0.6175869120654397, 2445], "15": [0.5917085427135679, 2388], "16": [0.5925407925407925, 2145], "17": [0.6277705345501956, 1534], "18": [0.622991347342398, 809], "19": [0.657439446366782, 289], "20": [0.726027397260274, 73], "21": [0.6, 15]}}