{"modular": {"3": [0.11509517485613104, 2259], "4": [0.1896628216503993, 9016], "5": [0.25014970059880237, 20040], "6": [0.2656856734109953, 19572], "7": [0.27390797285835455, 18864], "8": [0.24824639200193502, 24806], "9": [0.24832855778414517, 20940], "10": [0.2530149541726966, 12438], "11": [0.23704730549298214, 5771], "12": [0.232981220657277, 3408], "13": [0.22659920491507046, 2767], "14": [0.21267893660531698, 2445], "15": [0.21901172529313234, 2388], "16": [0.24335664335664337, 2145], "17": [0.22620599739243807, 1534], "18": [0.2088998763906057, 809]}, "classic": {"3": [0.2434705621956618, 2259], "4": [0.32375776397515527, 9016], "5": [0.4192115768463074, 20040], "6": [0.426629879419579, 19572], "7": [0.39991518235793044, 18864], "8": [0.3899459808110941, 24806], "9": [0.41895893027698183, 20940], "10": [0.4345553947579997, 12438], "11": [0.40045052850459195, 5771], "12": [0.3720657276995305, 3408], "13": [0.3707986989519335, 2767], "14": [0.3370143149284254, 2445], "15": [0.3601340033500838, 2388], "16": [0.3668997668997669, 2145], "17": [0.3820078226857888, 1534], "18": [0.3522867737948084, 809]}}