{"modular": {"6": [0.34414184952978055, 91872], "7": [0.5095381239213176, 87491], "8": [0.4955245440709882, 116301], "9": [0.4915538616096859, 96553], "10": [0.47926688391179156, 57999], "11": [0.48697597229237316, 27718], "12": [0.5080400387471747, 15485], "13": [0.5182283586720446, 12892], "14": [0.5288830715532287, 11460], "15": [0.5118160334484639, 11002], "16": [0.5177128031134617, 10021], "17": [0.5147796988287786, 7172], "18": [0.5107123727905731, 3734], "19": [0.5042134831460674, 1424], "20": [0.4945054945054945, 364], "21": [0.42857142857142855, 77], "22": [0.42857142857142855, 7]}, "classic": {"6": [0.42934735283873215, 91872], "7": [0.5798653575796368, 87491], "8": [0.583434364278897, 116301], "9": [0.56028295340383, 96553], "10": [0.5296470628803945, 57999], "11": [0.5440507973158236, 27718], "12": [0.5877946399741686, 15485], "13": [0.6094477195159789, 12892], "14": [0.6029668411867365, 11460], "15": [0.6002544991819669, 11002], "16": [0.6049296477397466, 10021], "17": [0.6146123814835471, 7172], "18": [0.6309587573647563, 3734], "19": [0.6439606741573034, 1424], "20": [0.6648351648351648, 364], "21": [0.6883116883116883, 77], "22": [0.8571428571428571, 7]}, "classic_andor": {"6": [0.4008729536746778, 91872], "7": [0.5928495502394532, 87491], "8": [0.5999260539462258, 116301], "9": [0.5758702474288733, 96553], "10": [0.5438886877359954, 57999], "11": [0.5531423623638069, 27718], "12": [0.5976751695188892, 15485], "13": [0.6135587961526529, 12892], "14": [0.599912739965096, 11460], "15": [0.6126158880203599, 11002], "16": [0.61780261450953, 10021], "17": [0.6233965421081985, 7172], "18": [0.6314943760042849, 3734], "19": [0.6523876404494382, 1424], "20": [0.695054945054945, 364], "21": [0.6363636363636364, 77], "22": [1.0, 7]}}