{"modular": {"6": [0.2444379136189481, 91872], "7": [0.24976283274851127, 87491], "8": [0.2295767018340341, 116301], "9": [0.23257692666204055, 96553], "10": [0.23650407765651132, 57999], "11": [0.2270726603651057, 27718], "12": [0.21549886987407169, 15485], "13": [0.20788085634502015, 12892], "14": [0.21893542757417103, 11460], "15": [0.2148700236320669, 11002], "16": [0.2212354056481389, 10021], "17": [0.21332961517010596, 7172], "18": [0.20594536689876808, 3734], "19": [0.18469101123595505, 1424]}, "classic": {"6": [0.41787486938349006, 91872], "7": [0.3915374152769999, 87491], "8": [0.3851385628670433, 116301], "9": [0.41115242405725355, 96553], "10": [0.4253866445973206, 57999], "11": [0.40457464463525505, 27718], "12": [0.36351307717145626, 15485], "13": [0.3533974557865343, 12892], "14": [0.3588132635253054, 11460], "15": [0.36811488820214505, 11002], "16": [0.35315836742840034, 10021], "17": [0.36572783045175683, 7172], "18": [0.356186395286556, 3734], "19": [0.36587078651685395, 1424]}}