{"in_set": [0.0, 0.181640625, 0.728515625, 0.787109375, 0.787109375, 0.787109375, 0.787109375, 0.787109375, 0.787109375, 0.787109375, 0.7890625, 0.7890625, 0.791015625, 0.79296875, 0.791015625, 0.79296875, 0.79296875, 0.794921875, 0.794921875, 0.796875, 0.796875, 0.798828125, 0.8046875, 0.806640625, 0.8125, 0.8125, 0.814453125, 0.8125, 0.806640625, 0.8046875, 0.802734375, 0.802734375, 0.802734375, 0.8046875, 0.8046875, 0.798828125, 0.796875, 0.80078125, 0.80078125, 0.8046875, 0.8046875, 0.8046875, 0.8046875, 0.8046875, 0.8046875, 0.8046875, 0.806640625, 0.806640625, 0.802734375, 0.802734375, 0.80078125, 0.796875, 0.798828125, 0.806640625, 0.806640625, 0.80859375, 0.806640625, 0.8046875, 0.8046875, 0.8046875, 0.806640625, 0.8046875, 0.8046875, 0.8046875, 0.806640625, 0.810546875, 0.80859375, 0.80859375, 0.81640625, 0.81640625, 0.81640625, 0.81640625, 0.81640625, 0.814453125, 0.814453125, 0.81640625, 0.81640625, 0.81640625, 0.814453125, 0.8125, 0.8125, 0.810546875, 0.810546875, 0.80859375, 0.80859375, 0.8125, 0.8125, 0.810546875, 0.810546875, 0.814453125, 0.814453125, 0.81640625, 0.814453125, 0.814453125, 0.814453125, 0.8125, 0.8125, 0.814453125, 0.814453125, 0.814453125, 0.814453125, 0.814453125, 0.814453125, 0.814453125, 0.814453125, 0.814453125, 0.814453125, 0.814453125, 0.814453125, 0.814453125, 0.81640625, 0.81640625, 0.81640625, 0.81640625, 0.81640625, 0.81640625, 0.81640625, 0.81640625, 0.81640625, 0.814453125, 0.814453125, 0.8125, 0.810546875, 0.810546875, 0.810546875, 0.810546875, 0.810546875, 0.810546875, 0.810546875, 0.810546875, 0.80859375, 0.80859375, 0.8125, 0.8125, 0.814453125, 0.81640625, 0.81640625, 0.818359375, 0.8203125, 0.818359375, 0.810546875, 0.810546875, 0.810546875, 0.810546875, 0.810546875, 0.810546875, 0.810546875, 0.810546875, 0.8125, 0.818359375, 0.818359375, 0.81640625, 0.81640625, 0.814453125, 0.81640625, 0.81640625, 0.814453125, 0.81640625, 0.8125, 0.810546875, 0.80859375, 0.80859375, 0.80859375, 0.80859375, 0.80859375, 0.80859375, 0.80859375, 0.810546875, 0.8125, 0.814453125, 0.810546875, 0.810546875, 0.8125, 0.814453125, 0.814453125, 0.8125, 0.8125, 0.8125, 0.8125, 0.8125, 0.8125, 0.8125, 0.810546875, 0.810546875, 0.810546875, 0.810546875, 0.810546875, 0.810546875, 0.810546875, 0.810546875, 0.810546875, 0.810546875, 0.810546875, 0.810546875, 0.8125, 0.8125, 0.8125, 0.8125, 0.8125, 0.8125], "weighted": [0.0, 0.1396484375, 0.5376952886581421, 0.5726562738418579, 0.5726562738418579, 0.5726562738418579, 0.57421875, 0.57421875, 0.5750000476837158, 0.5750000476837158, 0.5769531726837158, 0.5769531726837158, 0.5789062976837158, 0.5833984613418579, 0.5814453363418579, 0.5833984613418579, 0.5849609375, 0.5849609375, 0.5861327648162842, 0.5880858898162842, 0.5888671875, 0.5908203125, 0.6005859375, 0.601757824420929, 0.609570324420929, 0.613085925579071, 0.615039050579071, 0.613085925579071, 0.6087890863418579, 0.6041015386581421, 0.6044921875, 0.606249988079071, 0.6056640148162842, 0.6083984375, 0.6097656488418579, 0.6039062738418579, 0.6019531488418579, 0.6050781011581421, 0.6050781011581421, 0.6101562976837158, 0.6101562976837158, 0.6101562976837158, 0.6101562976837158, 0.6109374761581421, 0.6109374761581421, 0.6109374761581421, 0.6128906011581421, 0.6128906011581421, 0.6101562976837158, 0.6101562976837158, 0.6082031726837158, 0.6042969226837158, 0.6062500476837158, 0.6158202886581421, 0.6169922351837158, 0.6189453601837158, 0.6169922351837158, 0.6150391101837158, 0.6150391101837158, 0.6150391101837158, 0.6169922351837158, 0.6150391101837158, 0.614453136920929, 0.614453136920929, 0.615429699420929, 0.618359386920929, 0.616992175579071, 0.6162109375, 0.6240234375, 0.6251952648162842, 0.6251952648162842, 0.6240234375, 0.6240234375, 0.6236327886581421, 0.6236327886581421, 0.6255859136581421, 0.626757800579071, 0.6251952648162842, 0.6232421398162842, 0.6212890148162842, 0.6212890148162842, 0.620312511920929, 0.620312511920929, 0.6179687976837158, 0.6187499761581421, 0.6214843988418579, 0.6214843988418579, 0.62109375, 0.620312511920929, 0.624218761920929, 0.624218761920929, 0.626171886920929, 0.624218761920929, 0.624218761920929, 0.624218761920929, 0.62109375, 0.62109375, 0.6246093511581421, 0.6246093511581421, 0.6246093511581421, 0.6251952648162842, 0.6251952648162842, 0.6236327886581421, 0.6236327886581421, 0.6236327886581421, 0.6251952648162842, 0.6251952648162842, 0.6251952648162842, 0.6251952648162842, 0.6251952648162842, 0.6283203363418579, 0.6283203363418579, 0.6283203363418579, 0.6279296875, 0.6279296875, 0.6263672113418579, 0.6263672113418579, 0.6263672113418579, 0.626757800579071, 0.6236327886581421, 0.6236327886581421, 0.620898425579071, 0.620898425579071, 0.620898425579071, 0.6193358898162842, 0.6214843988418579, 0.6195312738418579, 0.6195312738418579, 0.6195312738418579, 0.618945300579071, 0.616992175579071, 0.616992175579071, 0.6205078363418579, 0.6205078363418579, 0.6236327886581421, 0.6263672113418579, 0.6263672113418579, 0.6283203363418579, 0.6302734613418579, 0.6283203363418579, 0.6195312738418579, 0.6195312738418579, 0.618945300579071, 0.618945300579071, 0.618945300579071, 0.618945300579071, 0.6158202886581421, 0.617968738079071, 0.623046875, 0.628710925579071, 0.628710925579071, 0.6263672113418579, 0.6263672113418579, 0.6244140863418579, 0.6263672113418579, 0.6263672113418579, 0.6236327886581421, 0.6279296875, 0.622851550579071, 0.619921863079071, 0.616992175579071, 0.6154296398162842, 0.6167968511581421, 0.6167968511581421, 0.6154296398162842, 0.616992175579071, 0.616992175579071, 0.618945300579071, 0.6222655773162842, 0.6253905892372131, 0.6214843392372131, 0.6214843392372131, 0.6234374642372131, 0.623828113079071, 0.623828113079071, 0.6201171875, 0.6205078363418579, 0.6205078363418579, 0.6205078363418579, 0.6189453601837158, 0.6189453601837158, 0.6193358898162842, 0.6173827648162842, 0.6173827648162842, 0.6173827648162842, 0.6173827648162842, 0.6173827648162842, 0.618945300579071, 0.6205077767372131, 0.6205077767372131, 0.6205077767372131, 0.6205077767372131, 0.6205077767372131, 0.6205077767372131, 0.6224609017372131, 0.6220703125, 0.6220703125, 0.6220703125, 0.6220703125, 0.6205078363418579],