{
	"epoch": [
		0.0,
		0.01007511356991859,
		0.02015022713983718,
		0.030225340709755768,
		0.04030045427967436,
		0.05037556784959295,
		0.060450681419511536,
		0.07052579498943012,
		0.08060090855934872,
		0.0906760221292673,
		0.1007511356991859,
		0.11082624926910449,
		0.12090136283902307,
		0.13097647640894167,
		0.14105158997886025,
		0.15112670354877883,
		0.16120181711869744,
		0.17127693068861602,
		0.1813520442585346,
		0.1914271578284532,
		0.200062969459812,
		0.21013808302973058,
		0.22021319659964916,
		0.23028831016956777,
		0.24036342373948635,
		0.25043853730940496,
		0.26051365087932354,
		0.2705887644492421,
		0.2806638780191607,
		0.2907389915890793,
		0.30081410515899787,
		0.31088921872891645,
		0.3209643322988351,
		0.33103944586875367,
		0.34111455943867225,
		0.35118967300859083,
		0.3612647865785094,
		0.371339900148428,
		0.38141501371834663,
		0.39005082534970537,
		0.400125938919624,
		0.4102010524895426,
		0.42027616605946116,
		0.43035127962937975,
		0.4404263931992983,
		0.4505015067692169,
		0.46057662033913555,
		0.4706517339090541,
		0.4807268474789727,
		0.4908019610488913,
		0.5008770746188099,
		0.5109521881887285,
		0.5210273017586471,
		0.5311024153285656,
		0.5411775288984843,
		0.5512526424684028,
		0.5613277560383214,
		0.57140286960824,
		0.5800386812395988,
		0.5901137948095174,
		0.600188908379436,
		0.6102640219493546,
		0.6203391355192731,
		0.6304142490891917,
		0.6404893626591104,
		0.6505644762290289,
		0.6606395897989475,
		0.6707147033688661,
		0.6807898169387847,
		0.6908649305087032,
		0.7009400440786219,
		0.7110151576485405,
		0.721090271218459,
		0.7311653847883777,
		0.7412404983582962,
		0.7513156119282148,
		0.7613907254981334,
		0.7700265371294922,
		0.7801016506994107,
		0.7901767642693294,
		0.800251877839248,
		0.8103269914091665,
		0.8204021049790852,
		0.8304772185490037,
		0.8405523321189223,
		0.850627445688841,
		0.8607025592587595,
		0.8707776728286781,
		0.8808527863985967,
		0.8909278999685153,
		0.9010030135384338,
		0.9110781271083525,
		0.9211532406782711,
		0.9312283542481896,
		0.9413034678181083,
		0.9513785813880268,
		0.9600143930193856,
		0.9700895065893042,
		0.9801646201592228,
		0.9902397337291413
	],
	"loss": [
		7.579586982727051,
		6.927234172821045,
		6.355306148529053,
		5.736530780792236,
		5.016078948974609,
		4.5886101722717285,
		3.963411331176758,
		3.612621545791626,
		2.9015164375305176,
		2.6584391593933105,
		2.6281635761260986,
		2.4038994312286377,
		2.109920024871826,
		2.2873897552490234,
		1.885982632637024,
		1.6763185262680054,
		1.5268679857254028,
		1.5955226421356201,
		1.727810025215149,
		1.5434908866882324,
		1.8034006357192993,
		1.3861936330795288,
		1.505191683769226,
		1.357592225074768,
		1.339823603630066,
		1.3449453115463257,
		1.287442922592163,
		1.200705885887146,
		1.2591824531555176,
		1.3509353399276733,
		1.2789310216903687,
		1.222778081893921,
		1.162492036819458,
		1.1775009632110596,
		1.1028099060058594,
		1.1585465669631958,
		1.06577730178833,
		1.2360498905181885,
		1.155956506729126,
		0.9887925386428833,
		1.286811113357544,
		1.2167819738388062,
		1.074271559715271,
		1.114613652229309,
		1.1305755376815796,
		1.0719757080078125,
		0.962986946105957,
		0.8977527022361755,
		1.1670153141021729,
		1.0391603708267212,
		1.1816599369049072,
		1.1680785417556763,
		0.9303200840950012,
		1.0663906335830688,
		1.1240062713623047,
		1.0759477615356445,
		0.9392481446266174,
		1.067884087562561,
		0.9961932897567749,
		1.0485106706619263,
		0.921179473400116,
		0.8707047700881958,
		1.1240878105163574,
		1.051613450050354,
		0.8605260848999023,
		0.796248197555542,
		0.9941630363464355,
		0.8601230978965759,
		0.9391058087348938,
		0.9314964413642883,
		1.022446632385254,
		0.8101685643196106,
		0.9796528220176697,
		1.111443042755127,
		0.9513503909111023,
		0.8717550039291382,
		1.0123132467269897,
		0.880469560623169,
		0.9392872452735901,
		0.809192955493927,
		0.7747928500175476,
		0.8343532085418701,
		0.855345606803894,
		0.9251494407653809,
		0.8176977634429932,
		0.9242167472839355,
		1.0511870384216309,
		0.8722606301307678,
		0.9450358152389526,
		0.81859290599823,
		0.8407893180847168,
		0.8842505812644958,
		0.9919920563697815,
		0.8814926743507385,
		0.9078114628791809,
		0.7916620969772339,
		0.9399581551551819,
		0.8564082980155945,
		0.8212997317314148,
		0.8557965755462646
	],
	"time": [
		0.8987703323364258,
		2.81379771232605,
		4.685396432876587,
		6.564574718475342,
		8.422546863555908,
		10.279002904891968,
		12.07927656173706,
		13.958715438842773,
		15.799008846282959,
		17.61259412765503,
		19.4925434589386,
		21.315284729003906,
		23.10728144645691,
		24.929687976837158,
		26.775856733322144,
		28.655502796173096,
		30.42954397201538,
		32.246362924575806,
		34.02440810203552,
		35.80274701118469,
		37.35146498680115,
		39.180312633514404,
		41.038726568222046,
		42.86974263191223,
		44.712247371673584,
		46.54345917701721,
		48.33570671081543,
		50.16798400878906,
		52.03708744049072,
		53.85685873031616,
		55.910459756851196,
		57.7684211730957,
		60.196391105651855,
		62.25311303138733,
		64.17230772972107,
		66.74740433692932,
		68.66853761672974,
		70.46000838279724,
		72.31936836242676,
		73.89532375335693,
		75.90362429618835,
		77.82419323921204,
		79.84493899345398,
		81.68901109695435,
		83.80111050605774,
		85.84453773498535,
		87.86260867118835,
		89.90620613098145,
		92.0159068107605,
		93.98097133636475,
		95.84767961502075,
		97.99152278900146,
		99.91791796684265,
		101.84722352027893,
		103.9056179523468,
		105.88156056404114,
		107.89964866638184,
		109.91499757766724,
		111.50881600379944,
		113.34593081474304,
		115.21094727516174,
		117.22215986251831,
		119.14931225776672,
		121.39712762832642,
		123.71445155143738,
		125.70524048805237,
		127.71100306510925,
		129.71474361419678,
		131.56448340415955,
		133.59554624557495,
		135.44611835479736,
		137.46640992164612,
		139.57537531852722,
		141.4545545578003,
		143.27849674224854,
		145.18421983718872,
		147.06953382492065,
		148.65165853500366,
		150.46365761756897,
		152.3403468132019,
		154.14187669754028,
		155.8840570449829,
		157.74036836624146,
		159.58457779884338,
		161.4041829109192,
		163.24978518486023,
		165.15195059776306,
		167.04790449142456,
		168.9055233001709,
		170.86727046966553,
		172.6940176486969,
		174.55650877952576,
		176.36235404014587,
		178.18212509155273,
		180.12029695510864,
		182.0280318260193,
		183.57247877120972,
		185.4106743335724,
		187.24137663841248,
		189.03349137306213
	],