{
	"weighted": [
		0.2459999918937683,
		0.32100000977516174,
		0.4020000100135803,
		0.40700000524520874,
		0.40700000524520874,
		0.4180000126361847,
		0.4189999997615814,
		0.4350000023841858,
		0.42399996519088745,
		0.44599997997283936,
		0.45899999141693115,
		0.44200000166893005,
		0.39399999380111694,
		0.4740000069141388,
		0.4399999976158142,
		0.4490000009536743,
		0.4699999988079071,
		0.43800002336502075,
		0.4949999749660492,
		0.4209999740123749,
		0.44999998807907104,
		0.4690000116825104,
		0.46400001645088196,
		0.47099998593330383,
		0.44199997186660767,
		0.4619999825954437,
		0.4859999716281891,
		0.4449999928474426,
		0.5069999694824219,
		0.4970000386238098,
		0.5,
		0.46400001645088196,
		0.5270000100135803,
		0.4560000002384186,
		0.5080000162124634,
		0.45499998331069946,
		0.4909999668598175,
		0.5189999938011169,
		0.5149999856948853,
		0.44999998807907104,
		0.4749999940395355,
		0.49900001287460327,
		0.47999998927116394,
		0.4650000035762787,
		0.5349999666213989,
		0.5490000247955322,
		0.5479999780654907,
		0.5,
		0.48399999737739563,
		0.4970000088214874,
		0.5230000019073486,
		0.5189999938011169,
		0.453000009059906,
		0.5109999775886536,
		0.546999990940094,
		0.5099999904632568,
		0.5189999938011169,
		0.5289999842643738,
		0.5189999938011169,
		0.5180000066757202,
		0.4960000216960907,
		0.5149999856948853,
		0.5210000276565552,
		0.4440000057220459,
		0.48099997639656067,
		0.4569999873638153,
		0.46699994802474976,
		0.4830000102519989,
		0.5329999923706055,
		0.5410000085830688,
		0.4910000264644623,
		0.5380000472068787,
		0.5149999856948853,
		0.4869999885559082,
		0.5320000052452087,
		0.4970000088214874,
		0.5139999985694885,
		0.47300001978874207,
		0.546999990940094,
		0.5370000004768372,
		0.5220000147819519,
		0.5460000038146973,
		0.5389999747276306,
		0.5149999856948853,
		0.5389999747276306,
		0.49299997091293335,
		0.5059999823570251,
		0.5059999823570251,
		0.4790000021457672,
		0.5040000081062317,
		0.48399999737739563,
		0.47599998116493225,
		0.47599998116493225,
		0.4909999668598175,
		0.4899999797344208,
		0.487000048160553,
		0.48899999260902405,
		0.4619999825954437,
		0.5029999613761902,
		0.4910000264644623,
		0.4645039071562857
	],
	"top-1": [
		0.23999999463558197,
		0.3400000035762787,
		0.4099999964237213,
		0.41999998688697815,
		0.41999998688697815,
		0.41999998688697815,
		0.429999977350235,
		0.44999998807907104,
		0.4399999976158142,
		0.44999998807907104,
		0.4899999797344208,
		0.44999998807907104,
		0.4099999964237213,
		0.5099999904632568,
		0.44999998807907104,
		0.4699999988079071,
		0.5099999904632568,
		0.44999998807907104,
		0.5399999618530273,
		0.4399999976158142,
		0.47999998927116394,
		0.4899999797344208,
		0.4899999797344208,
		0.5099999904632568,
		0.4699999988079071,
		0.47999998927116394,
		0.5299999713897705,
		0.44999998807907104,
		0.5399999618530273,
		0.5399999618530273,
		0.5399999618530273,
		0.47999998927116394,
		0.550000011920929,
		0.4599999785423279,
		0.5299999713897705,
		0.47999998927116394,
		0.5199999809265137,
		0.5399999618530273,
		0.5399999618530273,
		0.44999998807907104,
		0.5,
		0.5399999618530273,
		0.5,
		0.4899999797344208,
		0.5600000023841858,
		0.5799999833106995,
		0.5899999737739563,
		0.5299999713897705,
		0.5099999904632568,
		0.5099999904632568,
		0.5600000023841858,
		0.550000011920929,
		0.4899999797344208,
		0.550000011920929,
		0.5999999642372131,
		0.550000011920929,
		0.550000011920929,
		0.5699999928474426,
		0.5600000023841858,
		0.550000011920929,
		0.5199999809265137,
		0.550000011920929,
		0.550000011920929,
		0.47999998927116394,
		0.5,
		0.47999998927116394,
		0.4899999797344208,
		0.5,
		0.5799999833106995,
		0.5799999833106995,
		0.5199999809265137,
		0.5699999928474426,
		0.5399999618530273,
		0.5099999904632568,
		0.5600000023841858,
		0.5299999713897705,
		0.550000011920929,
		0.5,
		0.5799999833106995,
		0.5600000023841858,
		0.550000011920929,
		0.5899999737739563,
		0.5699999928474426,
		0.5699999928474426,
		0.5899999737739563,
		0.5199999809265137,
		0.550000011920929,
		0.5399999618530273,
		0.5,
		0.5199999809265137,
		0.5099999904632568,
		0.5099999904632568,
		0.5,
		0.5099999904632568,
		0.5299999713897705,
		0.5099999904632568,
		0.5199999809265137,
		0.4899999797344208,
		0.5299999713897705,
		0.5199999809265137,
		0.5029791166991303
	],
	"loss": [
		7.625051021575928,
		3.8131935596466064,
		3.262725353240967,
		2.571362018585205,
		2.518683910369873,
		2.6073427200317383,
		2.438314437866211,
		2.311002492904663,
		2.26578426361084,
		2.2918601036071777,
		2.594961404800415,
		2.4232473373413086,
		2.416477680206299,
		2.870266914367676,
		2.10191011428833,
		2.353411912918091,
		2.002561092376709,
		1.6767578125,
		2.1750731468200684,
		1.9441314935684204,
		1.9643782377243042,
		2.207270860671997,
		2.4024484157562256,
		1.7007416486740112,
		2.7914204597473145,
		1.7476255893707275,
		2.122260093688965,
		1.62264084815979,
		2.067410945892334,
		2.5865373611450195,
		2.173579454421997,
		2.330371141433716,
		1.9199953079223633,
		2.0401554107666016,
		1.990005373954773,
		2.0190584659576416,
		1.4771138429641724,
		1.8516926765441895,
		1.8315225839614868,
		1.7664034366607666,
		2.0944011211395264,
		1.5348578691482544,
		1.8475857973098755,
		1.843180775642395,
		1.589302659034729,
		2.3364009857177734,
		1.9475353956222534,
		2.087163209915161,
		1.9826724529266357,
		2.091144561767578,
		2.242394208908081,
		1.7476415634155273,
		1.8341695070266724,
		1.7025928497314453,
		2.2687816619873047,
		2.2196834087371826,
		1.7534639835357666,
		1.9980683326721191,
		1.882595419883728,
		1.8855112791061401,
		1.9820234775543213,
		2.0645461082458496,
		1.617730975151062,
		1.9080612659454346,
		1.9757035970687866,
		1.561490535736084,
		2.1365396976470947,
		2.114910840988159,
		1.6393107175827026,
		1.5893384218215942,
		1.8833675384521484,
		1.6403214931488037,
		1.8711702823638916,
		1.5502116680145264,
		1.9186338186264038,
		1.8295872211456299,
		1.792902946472168,
		1.6223030090332031,
		1.5506229400634766,
		1.756502628326416,
		2.1206111907958984,
		1.7862783670425415,
		2.0111277103424072,
		2.013741970062256,
		1.8461617231369019,
		2.2559194564819336,
		1.8367217779159546,
		1.986585021018982,
		2.069451332092285,
		1.6430814266204834,
		2.2172529697418213,
		1.6220420598983765,
		1.4250855445861816,
		1.8478755950927734,
		2.106990098953247,
		1.5739057064056396,
		1.8120510578155518,
		1.7317918539047241,
		1.8871307373046875,
		1.8978898525238037,
		1.6102805302060883
	],