{"in_set": [0.291015625, 0.26171875, 0.376953125, 0.431640625, 0.486328125, 0.509765625, 0.48828125, 0.470703125, 0.46875, 0.486328125, 0.501953125, 0.505859375, 0.48046875, 0.494140625, 0.501953125, 0.490234375, 0.498046875, 0.515625, 0.490234375, 0.50390625, 0.521484375, 0.5234375, 0.5, 0.494140625, 0.5234375, 0.513671875, 0.5234375, 0.515625, 0.515625, 0.5234375, 0.53515625, 0.50390625, 0.48828125, 0.5234375, 0.51171875, 0.505859375, 0.52734375, 0.537109375, 0.53515625, 0.529296875, 0.529296875, 0.546875, 0.537109375, 0.537109375, 0.548828125, 0.52734375, 0.521484375, 0.515625, 0.51953125, 0.521484375, 0.529296875, 0.53125, 0.544921875, 0.546875, 0.560546875, 0.556640625, 0.54296875, 0.521484375, 0.5390625, 0.5546875, 0.55078125, 0.537109375, 0.5390625, 0.552734375, 0.537109375, 0.53125, 0.53125, 0.53515625, 0.5546875, 0.53515625, 0.546875, 0.5546875, 0.5390625, 0.54296875, 0.55078125, 0.556640625, 0.55078125, 0.53515625, 0.5546875, 0.560546875, 0.560546875, 0.55078125, 0.552734375, 0.548828125, 0.556640625, 0.5625, 0.55078125, 0.544921875, 0.556640625, 0.546875, 0.5546875, 0.55078125, 0.548828125, 0.5546875, 0.54296875, 0.546875, 0.55078125, 0.552734375, 0.537109375, 0.55859375], "loss": [13.954270362854004, 9.0670804977417, 7.7996907234191895, 7.833434104919434, 5.74165153503418, 6.250763416290283, 6.495725154876709, 7.091042995452881, 7.318541049957275, 6.041472434997559, 5.214877128601074, 5.901200771331787, 6.1435418128967285, 5.462527751922607, 5.223581790924072, 4.529323101043701, 4.979612350463867, 5.155503273010254, 4.766319751739502, 4.611636638641357, 5.1776275634765625, 4.857249736785889, 4.0813889503479, 4.48638916015625, 4.812394142150879, 4.476354122161865, 5.173243522644043, 4.340245723724365, 4.612816333770752, 4.4071831703186035, 4.728150367736816, 4.591973304748535, 4.416847229003906, 4.144491195678711, 4.312272071838379, 4.305637359619141, 4.399388790130615, 4.546332359313965, 4.721926689147949, 4.209826469421387, 4.428915023803711, 4.4869585037231445, 4.513280868530273, 4.108394145965576, 4.444749355316162, 4.345327854156494, 4.425747871398926, 4.5429487228393555, 4.605347156524658, 4.479832172393799, 4.099221229553223, 4.1194610595703125, 4.455126762390137, 4.279838562011719, 4.290366172790527, 4.612502574920654, 4.375227928161621, 4.165099620819092, 4.90314245223999, 4.127283096313477, 4.254364967346191, 3.935980796813965, 3.9921786785125732, 4.098942279815674, 4.098165512084961, 4.5386962890625, 3.9867537021636963, 4.042588233947754, 3.857344627380371, 4.578737258911133, 4.149177551269531, 3.8111493587493896, 4.296468257904053, 4.055875778198242, 4.095240116119385, 3.882390260696411, 4.0270609855651855, 4.136086940765381, 4.045737266540527, 4.130014419555664, 4.017090797424316, 4.180207252502441, 4.056997776031494, 4.453461647033691, 3.9159231185913086, 3.843888282775879, 4.094569683074951, 4.124744415283203, 4.03667688369751, 4.367098331451416, 4.147631645202637, 3.991978406906128, 3.9688243865966797, 4.1506667137146, 3.8265109062194824, 3.927377462387085, 4.3237690925598145, 4.074926853179932, 4.127175331115723, 4.176454544067383], "weighted": [0.1279296875, 0.13105468451976776, 0.17304688692092896, 0.20820313692092896, 0.23593750596046448, 0.24746093153953552, 0.234375, 0.2353515625, 0.23476561903953552, 0.23476563394069672, 0.2451171875, 0.24667969346046448, 0.23554688692092896, 0.24003908038139343, 0.23945312201976776, 0.23164063692092896, 0.23984375596046448, 0.2582031190395355, 0.23593750596046448, 0.23906250298023224, 0.25214844942092896, 0.2513671815395355, 0.23554688692092896, 0.23574218153953552, 0.2572265863418579, 0.251953125, 0.2552734315395355, 0.2515625059604645, 0.24843749403953552, 0.2513671815395355, 0.2621093690395355, 0.24082031846046448, 0.2314453125, 0.2578125, 0.24453124403953552, 0.23867186903953552, 0.2544921636581421, 0.2724609375, 0.26972654461860657, 0.2669922113418579, 0.2582031190395355, 0.26289063692092896, 0.25996094942092896, 0.26347655057907104, 0.2685546875, 0.25312501192092896, 0.25117188692092896, 0.24843749403953552, 0.25273439288139343, 0.25371092557907104, 0.2642578184604645, 0.26640623807907104, 0.27753907442092896, 0.2724609673023224, 0.2826172113418579, 0.28125, 0.2705078125, 0.2515625059604645, 0.2662109434604645, 0.2748046815395355, 0.275390625, 0.2691406011581421, 0.26835936307907104, 0.2779296934604645, 0.26738283038139343, 0.2613281309604645, 0.2603515684604645, 0.2603515684604645, 0.2734375, 0.2685546875, 0.27031248807907104, 0.28300780057907104, 0.27421873807907104, 0.2796875238418579, 0.27558594942092896, 0.27558591961860657, 0.2718749940395355, 0.2621093690395355, 0.27734375, 0.2822265625, 0.27949219942092896, 0.26933592557907104, 0.2748047113418579, 0.27226561307907104, 0.2767578065395355, 0.28339844942092896, 0.27421873807907104, 0.275390625, 0.28632813692092896, 0.2744140625, 0.2779296636581421, 0.27363282442092896, 0.27324220538139343, 0.2748046815395355, 0.27031251788139343, 0.27265626192092896, 0.279296875, 0.2787109613418579, 0.2666015625, 0.2798827886581421], "epoch": [0.0, 0.01, 0.02, 0.03, 0.04, 0.05, 0.06, 0.07, 0.08, 0.09, 0.1, 0.11, 0.12, 0.13, 0.14, 0.15, 0.16, 0.17, 0.18, 0.19, 0.2, 0.21, 0.22, 0.23, 0.24, 0.25, 0.26, 0.27, 0.28, 0.29, 0.3, 0.31, 0.32, 0.33, 0.34, 0.35, 0.36, 0.37, 0.38, 0.39, 0.4, 0.41, 0.42, 0.43, 0.44, 0.45, 0.46, 0.47, 0.48, 0.49, 0.5, 0.51, 0.52, 0.53, 0.54, 0.55, 0.56, 0.57, 0.58, 0.59, 0.6, 0.61, 0.62, 0.63, 0.64, 0.65, 0.66, 0.67, 0.68, 0.69, 0.7, 0.71, 0.72, 0.73, 0.74, 0.75, 0.76, 0.77, 0.78, 0.79, 0.8, 0.81, 0.82, 0.83, 0.84, 0.85, 0.86, 0.87, 0.88, 0.89, 0.9, 0.91, 0.92, 0.93, 0.94, 0.95, 0.96, 0.97, 0.98, 0.99], "time": [0.18488526344299316, 0.9271247386932373, 1.4852237701416016, 2.0369579792022705, 2.5913431644439697, 3.1600615978240967, 3.7210116386413574, 4.2899839878082275, 4.844666957855225, 5.591320514678955, 6.156430721282959, 6.72157096862793, 7.280841827392578, 7.845578908920288, 8.41272521018982, 8.973905801773071, 9.539278507232666, 10.09963583946228, 10.899308443069458, 11.519675016403198, 12.101176977157593, 12.678889513015747, 13.305628061294556, 13.878620862960815, 14.494893789291382, 15.156742811203003, 15.753115892410278, 16.726033210754395, 17.36433482170105, 17.988778114318848, 18.540283918380737, 19.136510372161865, 19.73596739768982, 20.329047203063965, 20.93778347969055, 21.535643100738525, 22.351438522338867, 22.959815740585327, 23.51270318031311, 24.095123052597046, 24.644672393798828, 25.257190227508545, 25.894973278045654, 26.457791805267334, 27.10733699798584, 27.9247887134552, 28.49195432662964, 29.06624174118042, 29.624939441680908, 30.210228204727173, 30.76284122467041, 31.32621717453003, 31.882393836975098, 32.61519813537598, 33.25198721885681, 33.80622172355652, 34.38150763511658, 35.05326795578003, 35.62300133705139, 36.22224688529968, 36.794376850128174, 37.35568642616272, 38.116087436676025, 38.670064210891724, 39.272517681121826, 39.85931611061096, 40.505433320999146, 41.08238983154297, 41.704790353775024, 42.29259419441223, 42.89257502555847, 43.63760185241699, 44.193708419799805, 44.75842475891113, 45.32203793525696, 45.89753341674805, 46.540077447891235, 47.1624813079834, 47.74976897239685, 48.374266147613525, 49.171154737472534, 49.72548985481262, 50.30108118057251, 50.90040993690491, 51.56727743148804, 52.17196774482727, 52.78357458114624, 53.416412353515625, 54.03945779800415, 54.894919872283936, 55.5487916469574, 56.12152075767517, 56.73648023605347, 57.35552358627319, 57.96716928482056, 58.54735088348389, 59.09759259223938, 59.86126661300659, 60.431206703186035, 60.983211517333984],